Metric,Genotype,N,Mean,SD,Median
WP_Fraction,C/C,3,0.1985,0.1375,0.1407
WP_Fraction,C/T,4,0.1667,0.0866,0.1841
WP_Fraction,T/T,3,0.1645,0.041,0.1764
WP_RP_Ratio,C/C,3,0.2866,0.252,0.1684
WP_RP_Ratio,C/T,4,0.2177,0.1219,0.2363
WP_RP_Ratio,T/T,3,0.2082,0.058,0.2274
Fol_PALS_Ratio,C/C,3,1.198,0.8378,1.1555
Fol_PALS_Ratio,C/T,4,1.434,0.4794,1.4619
Fol_PALS_Ratio,T/T,3,7.3278,5.1706,10.0909
Total_mm2,C/C,3,135.9117,32.53,123.3567
Total_mm2,C/T,4,106.1887,51.4884,109.6862
Total_mm2,T/T,3,89.6573,115.1551,23.3458
